{"chunk_definitions":[{"row":14,"row_count":1,"visible":true,"expansion_state":0,"options":{"engine":"r","label":"setup","include":false},"document_id":"4747532C","chunk_id":"csetup_chunk","chunk_label":"setup"},{"row":31,"row_count":1,"visible":true,"expansion_state":0,"options":{"engine":"r","label":"DATA","include":false},"document_id":"4747532C","chunk_id":"cjc4siqcl0zk3","chunk_label":"DATA"},{"row":48,"row_count":1,"visible":true,"expansion_state":0,"options":{"engine":"r","label":"Claim Amount lambda ARIMA"},"document_id":"4747532C","chunk_id":"ciways95ep7r4","chunk_label":"Claim Amount lambda ARIMA"},{"row":73,"row_count":1,"visible":true,"expansion_state":0,"options":{"engine":"r","label":"Claim Cost distribution fitting medium"},"document_id":"4747532C","chunk_id":"cnyo6gyj4cxef","chunk_label":"Claim Cost distribution fitting medium"},{"row":97,"row_count":1,"visible":true,"expansion_state":0,"options":{"engine":"r","label":"Claim Cost distribution fitting major"},"document_id":"4747532C","chunk_id":"ck88ynlpwr9zg","chunk_label":"Claim Cost distribution fitting major"},{"row":152,"row_count":1,"visible":true,"expansion_state":0,"options":{"engine":"r","label":"Loss Simulation SSP5"},"document_id":"4747532C","chunk_id":"c22hsdu0xlu1s","chunk_label":"Loss Simulation SSP5"},{"row":206,"row_count":1,"visible":true,"expansion_state":0,"options":{"engine":"r","label":"Loss Simulation SSP3"},"document_id":"4747532C","chunk_id":"c6chfxu3gct4g","chunk_label":"Loss Simulation SSP3"},{"row":260,"row_count":1,"visible":true,"expansion_state":0,"options":{"engine":"r","label":"Loss Simulation SSP2"},"document_id":"4747532C","chunk_id":"ctsa671acm0lg","chunk_label":"Loss Simulation SSP2"},{"row":314,"row_count":1,"visible":true,"expansion_state":0,"options":{"engine":"r","label":"Loss Simulation SSP1"},"document_id":"4747532C","chunk_id":"ca2odd2qz04ig","chunk_label":"Loss Simulation SSP1"},{"row":324,"row_count":1,"visible":true,"expansion_state":0,"options":{"engine":"r","label":"Cost plotting"},"document_id":"4747532C","chunk_id":"cfkjhr9vfwsq2","chunk_label":"Cost plotting"},{"row":337,"row_count":1,"visible":true,"expansion_state":0,"options":{"engine":"r","label":"%Relocation"},"document_id":"4747532C","chunk_id":"ccnkjsm5aphof","chunk_label":"%Relocation"},{"row":393,"row_count":1,"visible":true,"expansion_state":0,"options":{"engine":"r","label":"Loss Simulation SSP5 with Relocation"},"document_id":"4747532C","chunk_id":"cv9w2xn5f8ivj","chunk_label":"Loss Simulation SSP5 with Relocation"}],"doc_write_time":1679301879,"working_dir":null,"default_chunk_options":{}}