{"chunk_definitions":[{"row":12,"row_count":1,"visible":true,"expansion_state":0,"options":{"engine":"r","label":"setup","include":false},"document_id":"4747532C","chunk_id":"csetup_chunk","chunk_label":"setup"},{"row":42,"row_count":1,"visible":true,"expansion_state":0,"options":{"engine":"r","label":"Claim Amount lambda ARIMA"},"document_id":"4747532C","chunk_id":"c3cvmbl2gd6m6","chunk_label":"Claim Amount lambda ARIMA"},{"row":140,"row_count":1,"visible":true,"expansion_state":0,"options":{"engine":"r","label":"Loss Simulation SSP5"},"document_id":"4747532C","chunk_id":"cy1t99nhlbg6c","chunk_label":"Loss Simulation SSP5"},{"row":189,"row_count":1,"visible":true,"expansion_state":0,"options":{"engine":"r","label":"Loss Simulation SSP3"},"document_id":"4747532C","chunk_id":"c87hzwfswd3ck","chunk_label":"Loss Simulation SSP3"},{"row":238,"row_count":1,"visible":true,"expansion_state":0,"options":{"engine":"r","label":"Loss Simulation SSP2"},"document_id":"4747532C","chunk_id":"ciuarpurutp2n","chunk_label":"Loss Simulation SSP2"},{"row":287,"row_count":1,"visible":true,"expansion_state":0,"options":{"engine":"r","label":"Loss Simulation SSP1"},"document_id":"4747532C","chunk_id":"c9wp3pd9f23rh","chunk_label":"Loss Simulation SSP1"},{"row":305,"row_count":1,"visible":true,"expansion_state":0,"options":{"engine":"r","label":"Cost plotting"},"document_id":"4747532C","chunk_id":"cvd6tp3v4oyd0","chunk_label":"Cost plotting"},{"row":323,"row_count":1,"visible":true,"expansion_state":0,"options":{"engine":"r","label":"%Relocation"},"document_id":"4747532C","chunk_id":"c4u6cq4r5xqj4","chunk_label":"%Relocation"},{"row":374,"row_count":1,"visible":true,"expansion_state":0,"options":{"engine":"r","label":"Loss Simulation SSP5 with Relocation"},"document_id":"4747532C","chunk_id":"cund67igowdkq","chunk_label":"Loss Simulation SSP5 with Relocation"},{"row":424,"row_count":1,"visible":true,"expansion_state":0,"options":{"engine":"r","label":"Loss Simulation SSP2 with Relocation"},"document_id":"4747532C","chunk_id":"c899i44siop38","chunk_label":"Loss Simulation SSP2 with Relocation"},{"row":461,"row_count":1,"visible":true,"expansion_state":0,"options":{"engine":"r","label":"Ruin Simulation SSP5"},"document_id":"4747532C","chunk_id":"cui8epl7ayt4o","chunk_label":"Ruin Simulation SSP5"},{"row":498,"row_count":1,"visible":true,"expansion_state":0,"options":{"engine":"r","label":"Ruin Simulation SSP5 with Relocation"},"document_id":"4747532C","chunk_id":"cnucxs6vv9y41","chunk_label":"Ruin Simulation SSP5 with Relocation"}],"doc_write_time":1679465768,"working_dir":null,"default_chunk_options":{}}