"0","n=100000"
"0","count=0"
"0","yearlyloss=matrix(rep(0,(stopping_time+1)*n),nrow=stopping_time+1,ncol=n)"
"0","for(i in 1:stopping_time){"
"0","  yearlyloss[i+1,]=yearlyloss[i+1,]+yearlyloss[i,]"
"0","  for(j in 1:n){"
"0","    N_med=rpois(1,lambda_medium_SSP1_relocation[i])"
"0","    N_maj=rpois(1,lambda_major_SSP1_relocation[i])"
"0","    if(N_med>0){"
"0","      yearlyloss[i+1,j]=yearlyloss[i+1,j]+sum(1.25*rinvgauss(N_med,invgauss_med_fit[1],invgauss_med_fit[2]))"
"0","    } "
"0","    if(N_maj>0){"
"0","      yearlyloss[i+1,j]=yearlyloss[i+1,j]+sum(2.25*rlgamma(N_maj,lgamma_maj_fit[1],lgamma_maj_fit[2]))"
"0","    }"
"0","  }"
"0","  yearlyloss[i+1,]=yearlyloss[i+1,]+(-Percent_relocated[i+1]+Percent_relocated[i])*household_at_risk*median_house_price"
"0","}"
"0","quantile99_SSP1_relocation=rep(0,stopping_time+1)"
"0","quantile95_SSP1_relocation=rep(0,stopping_time+1)"
"0","quantile50_SSP1_relocation=rep(0,stopping_time+1)"
"0","quantile5_SSP1_relocation=rep(0,stopping_time+1)"
"0","quantile1_SSP1_relocation=rep(0,stopping_time+1)"
"0","sim_mean_SSP1_relocation=rep(0,stopping_time+1)"
"0","for(k in 1:(stopping_time+1)){"
"0","  quantile99_SSP1_relocation[k]=quantile(yearlyloss[k,],0.99)"
"0","  quantile95_SSP1_relocation[k]=quantile(yearlyloss[k,],0.95)"
"0","  quantile50_SSP1_relocation[k]=quantile(yearlyloss[k,],0.5)"
"0","  quantile5_SSP1_relocation[k]=quantile(yearlyloss[k,],0.05)"
"0","  quantile1_SSP1_relocation[k]=quantile(yearlyloss[k,],0.01)"
"0","  sim_mean_SSP1_relocation[k]=mean(yearlyloss[k,])"
"0","}"
"0",""
"0","{plot(2020:2040,quantile99_SSP1_relocation,type=""l"",xlab=""Years"",ylab=""Damage Cost (Ꝕ)"")"
"0","polygon(c(2020:2040,2040:2020),c(quantile99_SSP1_relocation,rev(quantile95_SSP1_relocation)),col=""lightcoral"",border = ""white"")"
"0","polygon(c(2020:2040,2040:2020),c(quantile95_SSP1_relocation,rev(quantile50_SSP1_relocation)),col=""palegreen"",border = ""white"")"
"0","polygon(c(2020:2040,2040:2020),c(quantile50_SSP1_relocation,rev(quantile5_SSP1_relocation)),col=""palegreen"",border = ""white"")"
"0","polygon(c(2020:2040,2040:2020),c(quantile5_SSP1_relocation,rev(quantile1_SSP1_relocation)),col=""lightcoral"",border = ""white"")"
"0","#lines(2020:2040,mean_damage,type=""l"",lwd=4,col=""blue"")"
"0","lines(2020:2040,quantile99_SSP1_relocation,type=""l"",lwd=2)"
"0","lines(2020:2040,quantile95_SSP1_relocation,type=""l"",lwd=2)"
"0","lines(2020:2040,quantile50_SSP1_relocation,type=""l"",lwd=2)"
"0","lines(2020:2040,quantile5_SSP1_relocation,type=""l"",lwd=2)"
"0","lines(2020:2040,quantile1_SSP1_relocation,type=""l"",lwd=2)"
"0","lines(2020:2040,sim_mean_SSP1_relocation,type=""l"",lwd=4,col=""blue"")"
"0","}"
