"0","percent_household_assumption=c(0.0005,0.001,0.0015) #B"
"0","participation_assumption=c(0.9,0.7,0.5) #A"
"0","percent_mitigation_assumption=c(0.7,0.5,0.3) #C"
"0",""
"0","household_at_risk=percent_household_assumption[1]*5891507#Change value in square bracket to test other scenarios"
"0","median_house_price=205120.0939"
"0","Percent_relocated=c(participation_assumption[1]*(9:0/10)+1-participation_assumption[1],rep(1-participation_assumption[1],10)) #Change value in square bracket to test other scenarios"
"0","Percent_relocated=c(1,Percent_relocated)#AMOUNT WE CAN MITIGATE USING VOLUNTARY RELOCATION"
"0","flooding_maj_percent=0.3006*percent_mitigation_assumption[1]#Change value in square bracket to test other scenarios"
"0","flooding_med_percent=0.1713*percent_mitigation_assumption[1]#Change value in square bracket to test other scenarios"
"0","lambda_major_SSP5_relocation=lambda_major_SSP5*(Percent_relocated[-1]*flooding_maj_percent+(1-flooding_maj_percent))"
"0","lambda_medium_SSP5_relocation=lambda_medium_SSP5*(Percent_relocated[-1]*flooding_med_percent+(1-flooding_med_percent))"
"0","lambda_major_SSP2_relocation=lambda_major_SSP2*(Percent_relocated[-1]*flooding_maj_percent+(1-flooding_maj_percent))"
"0","lambda_medium_SSP2_relocation=lambda_medium_SSP2*(Percent_relocated[-1]*flooding_med_percent+(1-flooding_med_percent))"
