{"chunk_definitions":[{"row":149,"row_count":1,"visible":true,"expansion_state":0,"options":{"engine":"r","label":"Loss Simulation SSP5"},"document_id":"4747532C","chunk_id":"cy1t99nhlbg6c","chunk_label":"Loss Simulation SSP5"},{"row":312,"row_count":1,"visible":true,"expansion_state":0,"options":{"engine":"r","label":"Cost plotting"},"document_id":"4747532C","chunk_id":"cvd6tp3v4oyd0","chunk_label":"Cost plotting"},{"row":325,"row_count":1,"visible":true,"expansion_state":0,"options":{"engine":"r","label":"%Relocation"},"document_id":"4747532C","chunk_id":"cnq16c9vkwjea","chunk_label":"%Relocation"},{"row":377,"row_count":1,"visible":true,"expansion_state":0,"options":{"engine":"r","label":"Loss Simulation SSP5 with Relocation"},"document_id":"4747532C","chunk_id":"cund67igowdkq","chunk_label":"Loss Simulation SSP5 with Relocation"}],"doc_write_time":1679386045}