{"chunk_definitions":[{"row":13,"row_count":1,"visible":true,"expansion_state":0,"options":{"engine":"r","label":"setup","include":false},"document_id":"4747532C","chunk_id":"csetup_chunk","chunk_label":"setup"},{"row":30,"row_count":1,"visible":true,"expansion_state":0,"options":{"engine":"r","label":"DATA","include":false},"document_id":"4747532C","chunk_id":"cjc4siqcl0zk3","chunk_label":"DATA"},{"row":76,"row_count":1,"visible":true,"expansion_state":0,"options":{"engine":"r","label":"Claim Cost distribution fitting major"},"document_id":"4747532C","chunk_id":"cjwajy6r15z4i","chunk_label":"Claim Cost distribution fitting major"},{"row":81,"row_count":1,"visible":true,"expansion_state":0,"options":{"engine":"r","label":"%Relocation"},"document_id":"4747532C","chunk_id":"c5herwdxfp745","chunk_label":"%Relocation"}],"doc_write_time":1678941469,"working_dir":null,"default_chunk_options":{}}