"0","n=10000 #number of simulations"
"0","PI=1*diff(sim_mean_SSP5) #rate of continuous payment"
"0","c_0=4000000000 #starting reserve"
"0",""
"0","count=0"
"0","for(j in 1:n){"
"0","  C_t_minus=c_0"
"0","  "
"0","{  "
"0","  claim_t_medium=NULL"
"0","  claim_t_major=NULL"
"0","  for(k in 1:stopping_time){"
"0","    claim_t_medium=c(claim_t_medium,k-1+runif(rpois(1,lambda_medium_SSP5[k]))) #generate claim arrival time for medium"
"0","    claim_t_major=c(claim_t_major,k-1+runif(rpois(1,lambda_major_SSP5[k]))) #generate claim arrival time for major"
"0","  }"
"0","  mmm_tags=c(rep(""me"",length(claim_t_medium)),rep(""ma"",length(claim_t_major)))"
"0","  claim_t=c(claim_t_medium,claim_t_major)"
"0","  mmm_tags=c(""NA"",mmm_tags[order(claim_t)])"
"0","  claim_t=c(0,sort(claim_t))"
"0","}#Generate claim arrivals for medium and major"
"0","  "
"0","  for(i in 1:(length(claim_t)-1)){"
"0","      C_t_minus=c(C_t_minus,C_t_minus[i]"
"0","                  +(floor(claim_t[i+1])-claim_t[i])*PI[floor(claim_t[i]+1)] #Note that this breaks if floor(claim_t[i+1])-floor(claim_t[i])>1 but this is way too unlikely for me to want to code the edge case"
"0","                  +(claim_t[i+1]-floor(claim_t[i+1]))*PI[floor(claim_t[i+1]+1)]#PI*(claim_t[i+1]-claim_t[i]) for constant PI"
"0","                  -rinvgauss(1,invgauss_med_fit[1],invgauss_med_fit[2])"
"0","                  *(mmm_tags[i+1]==""me"")*1.25 #distribution for medium"
"0","                  -rlgamma(1,lgamma_maj_fit[1],lgamma_maj_fit[2])"
"0","                  *(mmm_tags[i+1]==""ma"")*(2.25+1857.908671*2.5*12/200000)#distribution for major"
"0","                  ) #GENERATING CLAIM AMOUNTS FOR EACH OF THE ARRIVAL TIMES"
"0","  }"
"0","  count=count+(min(C_t_minus)<0)  #CHECKING WHETHER RUIN OCCURED"
"0","}"
"0","count/n"
"1","[1]"
"1"," 0.0694"
"1","
"
