{"chunk_definitions":[{"row":13,"row_count":1,"visible":true,"expansion_state":0,"options":{"engine":"r","label":"setup","include":false},"document_id":"4747532C","chunk_id":"csetup_chunk","chunk_label":"setup"},{"row":30,"row_count":1,"visible":true,"expansion_state":0,"options":{"engine":"r","label":"DATA","include":false},"document_id":"4747532C","chunk_id":"cjc4siqcl0zk3","chunk_label":"DATA"},{"row":41,"row_count":1,"visible":true,"expansion_state":0,"options":{"engine":"r","label":"Claim Amount lambda ARIMA"},"document_id":"4747532C","chunk_id":"ciways95ep7r4","chunk_label":"Claim Amount lambda ARIMA"},{"row":61,"row_count":1,"visible":true,"expansion_state":0,"options":{"engine":"r","label":"Claim Cost distribution fitting medium"},"document_id":"4747532C","chunk_id":"chbc2yao1ejjd","chunk_label":"Claim Cost distribution fitting medium"},{"row":86,"row_count":1,"visible":true,"expansion_state":0,"options":{"engine":"r","label":"Claim Cost distribution fitting major"},"document_id":"4747532C","chunk_id":"cjwajy6r15z4i","chunk_label":"Claim Cost distribution fitting major"},{"row":140,"row_count":1,"visible":true,"expansion_state":0,"options":{"engine":"r","label":"Loss Simulation SSP5"},"document_id":"4747532C","chunk_id":"c22hsdu0xlu1s","chunk_label":"Loss Simulation SSP5"}],"doc_write_time":1679130116,"working_dir":null,"default_chunk_options":{}}